Timestamp,Observation
2025-04-02 09:30:24,Sensor 4.7E verloor 20g tussen 2025-04-02 09:20:25 en 2025-04-02 09:30:24.
2025-04-02 09:40:21,Sensor 4.7E verloor 25g tussen 2025-04-02 09:30:24 en 2025-04-02 09:40:21.
2025-04-02 10:10:22,Sensor 4.7E verloor 31g tussen 2025-04-02 10:00:23 en 2025-04-02 10:10:22.
2025-04-02 10:30:21,Sensor 4.7E verloor 45g tussen 2025-04-02 10:20:20 en 2025-04-02 10:30:21.
2025-04-02 10:40:19,Sensor 4.7E verloor 24g tussen 2025-04-02 10:30:21 en 2025-04-02 10:40:19.
2025-04-02 10:50:20,Sensor 4.7E verloor 45g tussen 2025-04-02 10:40:19 en 2025-04-02 10:50:20.
2025-04-02 11:11:35,Sensor 4.5E verloor 34g tussen 2025-04-02 11:01:35 en 2025-04-02 11:11:35.
2025-04-02 12:01:33,Sensor 4.5E verloor 32g tussen 2025-04-02 11:51:32 en 2025-04-02 12:01:33.
2025-04-02 12:10:16,Sensor 4.7E verloor 28g tussen 2025-04-02 12:00:19 en 2025-04-02 12:10:16.
2025-04-02 12:11:31,Sensor 4.5E verloor 39g tussen 2025-04-02 12:01:33 en 2025-04-02 12:11:31.
2025-04-02 12:20:16,Sensor 4.7E verloor 101g tussen 2025-04-02 12:10:16 en 2025-04-02 12:20:16.
2025-04-02 12:30:16,Sensor 4.7E verloor 98g tussen 2025-04-02 12:20:16 en 2025-04-02 12:30:16.
2025-04-02 12:33:19,Sensor 4.8E verloor 22g tussen 2025-04-02 12:23:21 en 2025-04-02 12:33:19.
2025-04-02 12:40:14,Sensor 4.7E verloor 57g tussen 2025-04-02 12:30:16 en 2025-04-02 12:40:14.
2025-04-02 12:41:32,Sensor 4.5E verloor 25g tussen 2025-04-02 12:31:30 en 2025-04-02 12:41:32.
2025-04-02 12:51:30,Sensor 4.5E verloor 63g tussen 2025-04-02 12:41:32 en 2025-04-02 12:51:30.
2025-04-02 12:54:19,Sensor 4.6E verloor 23g tussen 2025-04-02 12:44:17 en 2025-04-02 12:54:19.
2025-04-02 13:01:28,Sensor 4.5E verloor 29g tussen 2025-04-02 12:51:30 en 2025-04-02 13:01:28.
2025-04-02 13:03:20,Sensor 4.8E verloor 23g tussen 2025-04-02 12:53:18 en 2025-04-02 13:03:20.
2025-04-02 13:10:14,Sensor 4.7E verloor 20g tussen 2025-04-02 13:00:16 en 2025-04-02 13:10:14.
2025-04-02 13:14:19,Sensor 4.6E verloor 32g tussen 2025-04-02 13:04:19 en 2025-04-02 13:14:19.
2025-04-02 13:21:30,Sensor 4.5E verloor 20g tussen 2025-04-02 13:11:28 en 2025-04-02 13:21:30.
2025-04-02 13:25:56,Sensor 4.8A verloor 27g tussen 2025-04-02 13:15:54 en 2025-04-02 13:25:56.
2025-04-02 13:26:24,Sensor 4.3A verloor 20g tussen 2025-04-02 13:16:27 en 2025-04-02 13:26:24.
2025-04-02 13:30:04,Sensor 4.2A verloor 23g tussen 2025-04-02 13:20:05 en 2025-04-02 13:30:04.
2025-04-02 13:34:15,Sensor 4.6E verloor 28g tussen 2025-04-02 13:24:18 en 2025-04-02 13:34:15.
2025-04-02 13:40:04,Sensor 4.2A verloor 21g tussen 2025-04-02 13:30:04 en 2025-04-02 13:40:04.
2025-04-02 13:40:18,Sensor 4.4E verloor 25g tussen 2025-04-02 13:30:18 en 2025-04-02 13:40:18.
2025-04-02 13:43:16,Sensor 4.8E verloor 25g tussen 2025-04-02 13:33:16 en 2025-04-02 13:43:16.
2025-04-02 13:44:15,Sensor 4.6E verloor 62g tussen 2025-04-02 13:34:15 en 2025-04-02 13:44:15.
2025-04-02 13:45:55,Sensor 4.8A verloor 24g tussen 2025-04-02 13:35:53 en 2025-04-02 13:45:55.
2025-04-02 13:50:19,Sensor 4.4E verloor 22g tussen 2025-04-02 13:40:18 en 2025-04-02 13:50:19.
2025-04-02 13:53:18,Sensor 4.8E verloor 20g tussen 2025-04-02 13:43:16 en 2025-04-02 13:53:18.
2025-04-02 13:56:58,Sensor 5.5A verloor 20g tussen 2025-04-02 13:46:56 en 2025-04-02 13:56:58.
2025-04-02 14:00:03,Sensor 4.2A verloor 21g tussen 2025-04-02 13:50:02 en 2025-04-02 14:00:03.
2025-04-02 14:06:23,Sensor 4.3A verloor 51g tussen 2025-04-02 13:56:24 en 2025-04-02 14:06:23.
2025-04-02 14:14:13,Sensor 4.6E verloor 25g tussen 2025-04-02 14:04:16 en 2025-04-02 14:14:13.
2025-04-02 14:20:11,Sensor 4.7E verloor 22g tussen 2025-04-02 14:10:12 en 2025-04-02 14:20:11.
2025-04-02 14:20:18,Sensor 4.4E verloor 28g tussen 2025-04-02 14:10:18 en 2025-04-02 14:20:18.
2025-04-02 14:26:21,Sensor 4.3A verloor 54g tussen 2025-04-02 14:16:23 en 2025-04-02 14:26:21.
2025-04-02 14:30:10,Sensor 4.7E verloor 28g tussen 2025-04-02 14:20:11 en 2025-04-02 14:30:10.
2025-04-02 14:30:18,Sensor 4.4E verloor 20g tussen 2025-04-02 14:20:18 en 2025-04-02 14:30:18.
2025-04-02 14:34:44,Sensor 4.4A verloor 38g tussen 2025-04-02 14:24:44 en 2025-04-02 14:34:44.
2025-04-02 14:40:01,Sensor 4.2A verloor 27g tussen 2025-04-02 14:30:03 en 2025-04-02 14:40:01.
2025-04-02 14:40:11,Sensor 4.7E verloor 24g tussen 2025-04-02 14:30:10 en 2025-04-02 14:40:11.
2025-04-02 14:40:16,Sensor 4.4E verloor 20g tussen 2025-04-02 14:30:18 en 2025-04-02 14:40:16.
2025-04-02 14:43:16,Sensor 4.8E verloor 22g tussen 2025-04-02 14:33:15 en 2025-04-02 14:43:16.
2025-04-02 14:44:13,Sensor 4.6E verloor 59g tussen 2025-04-02 14:34:14 en 2025-04-02 14:44:13.
2025-04-02 14:44:44,Sensor 4.4A verloor 86g tussen 2025-04-02 14:34:44 en 2025-04-02 14:44:44.
2025-04-02 14:45:51,Sensor 4.8A verloor 33g tussen 2025-04-02 14:35:50 en 2025-04-02 14:45:51.
2025-04-02 14:50:00,Sensor 4.2A verloor 21g tussen 2025-04-02 14:40:01 en 2025-04-02 14:50:00.
2025-04-02 14:53:14,Sensor 4.8E verloor 20g tussen 2025-04-02 14:43:16 en 2025-04-02 14:53:14.
2025-04-02 14:54:44,Sensor 4.4A verloor 21g tussen 2025-04-02 14:44:44 en 2025-04-02 14:54:44.
2025-04-02 14:56:55,Sensor 5.5A verloor 55g tussen 2025-04-02 14:46:55 en 2025-04-02 14:56:55.
2025-04-02 15:05:43,Sensor 5.5E verloor 24g tussen 2025-04-02 14:55:43 en 2025-04-02 15:05:43.
2025-04-02 15:20:09,Sensor 4.7E verloor 34g tussen 2025-04-02 15:10:09 en 2025-04-02 15:20:09.
2025-04-02 15:24:13,Sensor 4.6E verloor 24g tussen 2025-04-02 15:14:11 en 2025-04-02 15:24:13.
2025-04-02 15:56:50,Sensor 4.7A verloor 35g tussen 2025-04-02 15:46:51 en 2025-04-02 15:56:50.
2025-04-02 16:00:08,Sensor 4.7E verloor 39g tussen 2025-04-02 15:50:08 en 2025-04-02 16:00:08.
2025-04-02 16:11:23,Sensor 4.5E verloor 23g tussen 2025-04-02 16:01:24 en 2025-04-02 16:11:23.
2025-04-02 16:41:21,Sensor 4.5E verloor 29g tussen 2025-04-02 16:31:21 en 2025-04-02 16:41:21.
2025-04-02 16:46:47,Sensor 4.7A verloor 23g tussen 2025-04-02 16:36:48 en 2025-04-02 16:46:47.
2025-04-02 16:50:57,Sensor 4.1C verloor 32g tussen 2025-04-02 16:40:59 en 2025-04-02 16:50:57.
2025-04-02 16:51:22,Sensor 4.5E verloor 27g tussen 2025-04-02 16:41:21 en 2025-04-02 16:51:22.
2025-04-02 17:10:05,Sensor 4.7E verloor 30g tussen 2025-04-02 17:00:04 en 2025-04-02 17:10:05.
2025-04-02 17:30:58,Sensor 4.1C verloor 44g tussen 2025-04-02 17:20:56 en 2025-04-02 17:30:58.
2025-04-02 17:40:56,Sensor 4.1C verloor 27g tussen 2025-04-02 17:30:58 en 2025-04-02 17:40:56.
2025-04-02 17:41:19,Sensor 4.5E verloor 25g tussen 2025-04-02 17:31:19 en 2025-04-02 17:41:19.
2025-04-02 18:00:55,Sensor 4.1C verloor 26g tussen 2025-04-02 17:50:57 en 2025-04-02 18:00:55.
2025-04-02 18:16:46,Sensor 4.7A verloor 21g tussen 2025-04-02 18:06:44 en 2025-04-02 18:16:46.
2025-04-02 18:30:53,Sensor 4.1C verloor 22g tussen 2025-04-02 18:20:55 en 2025-04-02 18:30:53.
2025-04-02 19:30:53,Sensor 4.1C verloor 24g tussen 2025-04-02 19:20:53 en 2025-04-02 19:30:53.
2025-04-02 19:50:50,Sensor 4.1C verloor 25g tussen 2025-04-02 19:40:53 en 2025-04-02 19:50:50.
2025-04-03 07:00:26,Sensor 4.1C verloor 59g tussen 2025-04-03 06:50:24 en 2025-04-03 07:00:26.
2025-04-03 09:39:26,Sensor 4.7E verloor 31g tussen 2025-04-03 09:29:25 en 2025-04-03 09:39:26.
2025-04-03 09:49:26,Sensor 4.7E verloor 24g tussen 2025-04-03 09:39:26 en 2025-04-03 09:49:26.
2025-04-03 09:59:24,Sensor 4.7E verloor 25g tussen 2025-04-03 09:49:26 en 2025-04-03 09:59:24.
2025-04-03 10:19:24,Sensor 4.7E verloor 64g tussen 2025-04-03 10:09:23 en 2025-04-03 10:19:24.
2025-04-03 10:20:40,Sensor 4.5E verloor 24g tussen 2025-04-03 10:10:40 en 2025-04-03 10:20:40.
2025-04-03 10:29:23,Sensor 4.7E verloor 34g tussen 2025-04-03 10:19:24 en 2025-04-03 10:29:23.
2025-04-03 10:39:24,Sensor 4.7E verloor 28g tussen 2025-04-03 10:29:23 en 2025-04-03 10:39:24.
2025-04-03 10:49:24,Sensor 4.7E verloor 35g tussen 2025-04-03 10:39:24 en 2025-04-03 10:49:24.
2025-04-03 10:59:22,Sensor 4.7E verloor 26g tussen 2025-04-03 10:49:24 en 2025-04-03 10:59:22.
2025-04-03 11:10:36,Sensor 4.5E verloor 42g tussen 2025-04-03 11:00:37 en 2025-04-03 11:10:36.
2025-04-03 11:30:37,Sensor 4.5E verloor 28g tussen 2025-04-03 11:20:38 en 2025-04-03 11:30:37.
2025-04-03 11:33:51,Sensor 4.4A verloor 26g tussen 2025-04-03 11:23:49 en 2025-04-03 11:33:51.
2025-04-03 11:59:19,Sensor 4.7E verloor 52g tussen 2025-04-03 11:49:20 en 2025-04-03 11:59:19.
2025-04-03 12:00:34,Sensor 4.5E verloor 56g tussen 2025-04-03 11:50:37 en 2025-04-03 12:00:34.
2025-04-03 12:09:20,Sensor 4.7E verloor 98g tussen 2025-04-03 11:59:19 en 2025-04-03 12:09:20.
2025-04-03 12:19:20,Sensor 4.7E verloor 96g tussen 2025-04-03 12:09:20 en 2025-04-03 12:19:20.
2025-04-03 12:20:11,Sensor 4.1C verloor 36g tussen 2025-04-03 12:10:12 en 2025-04-03 12:20:11.
2025-04-03 12:23:23,Sensor 4.6E verloor 31g tussen 2025-04-03 12:13:23 en 2025-04-03 12:23:23.
2025-04-03 12:29:17,Sensor 4.7E verloor 33g tussen 2025-04-03 12:19:20 en 2025-04-03 12:29:17.
2025-04-03 12:29:30,Sensor 4.4E verloor 21g tussen 2025-04-03 12:19:32 en 2025-04-03 12:29:30.
2025-04-03 12:30:33,Sensor 4.5E verloor 47g tussen 2025-04-03 12:20:35 en 2025-04-03 12:30:33.
2025-04-03 12:34:58,Sensor 5.5E verloor 24g tussen 2025-04-03 12:24:58 en 2025-04-03 12:34:58.
2025-04-03 12:36:07,Sensor 4.7A verloor 24g tussen 2025-04-03 12:26:07 en 2025-04-03 12:36:07.
2025-04-03 12:39:28,Sensor 4.4E verloor 22g tussen 2025-04-03 12:29:30 en 2025-04-03 12:39:28.
2025-04-03 12:40:33,Sensor 4.5E verloor 39g tussen 2025-04-03 12:30:33 en 2025-04-03 12:40:33.
2025-04-03 12:42:26,Sensor 4.8E verloor 21g tussen 2025-04-03 12:32:27 en 2025-04-03 12:42:26.
2025-04-03 12:43:47,Sensor 4.4A verloor 37g tussen 2025-04-03 12:33:46 en 2025-04-03 12:43:47.
2025-04-03 12:49:28,Sensor 4.4E verloor 20g tussen 2025-04-03 12:39:28 en 2025-04-03 12:49:28.
2025-04-03 12:59:19,Sensor 4.7E verloor 25g tussen 2025-04-03 12:49:18 en 2025-04-03 12:59:19.
2025-04-03 12:59:28,Sensor 4.4E verloor 20g tussen 2025-04-03 12:49:28 en 2025-04-03 12:59:28.
2025-04-03 13:00:10,Sensor 4.1C verloor 35g tussen 2025-04-03 12:50:12 en 2025-04-03 13:00:10.
2025-04-03 13:00:34,Sensor 4.5E verloor 40g tussen 2025-04-03 12:50:35 en 2025-04-03 13:00:34.
2025-04-03 13:03:46,Sensor 4.4A verloor 20g tussen 2025-04-03 12:53:47 en 2025-04-03 13:03:46.
2025-04-03 13:04:57,Sensor 5.5E verloor 23g tussen 2025-04-03 12:54:58 en 2025-04-03 13:04:57.
2025-04-03 13:09:28,Sensor 4.4E verloor 25g tussen 2025-04-03 12:59:28 en 2025-04-03 13:09:28.
2025-04-03 13:12:24,Sensor 4.8E verloor 22g tussen 2025-04-03 13:02:26 en 2025-04-03 13:12:24.
2025-04-03 13:14:56,Sensor 5.5E verloor 32g tussen 2025-04-03 13:04:57 en 2025-04-03 13:14:56.
2025-04-03 13:20:31,Sensor 4.5E verloor 36g tussen 2025-04-03 13:10:31 en 2025-04-03 13:20:31.
2025-04-03 13:22:26,Sensor 4.8E verloor 23g tussen 2025-04-03 13:12:24 en 2025-04-03 13:22:26.
2025-04-03 13:24:55,Sensor 5.5E verloor 33g tussen 2025-04-03 13:14:56 en 2025-04-03 13:24:55.
2025-04-03 13:26:04,Sensor 4.7A verloor 26g tussen 2025-04-03 13:16:04 en 2025-04-03 13:26:04.
2025-04-03 13:30:30,Sensor 4.5E verloor 24g tussen 2025-04-03 13:20:31 en 2025-04-03 13:30:30.
2025-04-03 13:33:21,Sensor 4.6E verloor 43g tussen 2025-04-03 13:23:20 en 2025-04-03 13:33:21.
2025-04-03 13:34:59,Sensor 4.8A verloor 27g tussen 2025-04-03 13:25:01 en 2025-04-03 13:34:59.
2025-04-03 13:39:11,Sensor 4.2A verloor 37g tussen 2025-04-03 13:19:12 en 2025-04-03 13:39:11.
2025-04-03 13:39:28,Sensor 4.4E verloor 24g tussen 2025-04-03 13:29:28 en 2025-04-03 13:39:28.
2025-04-03 13:42:25,Sensor 4.8E verloor 31g tussen 2025-04-03 13:32:26 en 2025-04-03 13:42:25.
2025-04-03 13:45:00,Sensor 4.8A verloor 26g tussen 2025-04-03 13:34:59 en 2025-04-03 13:45:00.
2025-04-03 13:53:20,Sensor 4.6E verloor 38g tussen 2025-04-03 13:43:19 en 2025-04-03 13:53:20.
2025-04-03 14:00:31,Sensor 4.5E verloor 25g tussen 2025-04-03 13:50:30 en 2025-04-03 14:00:31.
2025-04-03 14:09:16,Sensor 4.7E verloor 41g tussen 2025-04-03 13:59:14 en 2025-04-03 14:09:16.
2025-04-03 14:24:58,Sensor 4.8A verloor 39g tussen 2025-04-03 14:14:57 en 2025-04-03 14:24:58.
2025-04-03 14:29:13,Sensor 4.7E verloor 20g tussen 2025-04-03 14:19:15 en 2025-04-03 14:29:13.
2025-04-03 14:33:18,Sensor 4.6E verloor 31g tussen 2025-04-03 14:23:18 en 2025-04-03 14:33:18.
2025-04-03 14:33:41,Sensor 4.4A verloor 33g tussen 2025-04-03 14:23:43 en 2025-04-03 14:33:41.
2025-04-03 14:39:13,Sensor 4.7E verloor 30g tussen 2025-04-03 14:29:13 en 2025-04-03 14:39:13.
2025-04-03 14:49:10,Sensor 4.2A verloor 27g tussen 2025-04-03 14:39:11 en 2025-04-03 14:49:10.
2025-04-03 14:56:02,Sensor 4.7A verloor 22g tussen 2025-04-03 14:46:01 en 2025-04-03 14:56:02.
2025-04-03 14:59:13,Sensor 4.7E verloor 44g tussen 2025-04-03 14:49:13 en 2025-04-03 14:59:13.
2025-04-03 15:03:41,Sensor 4.4A verloor 22g tussen 2025-04-03 14:53:40 en 2025-04-03 15:03:41.
2025-04-03 15:29:13,Sensor 4.7E verloor 66g tussen 2025-04-03 15:19:10 en 2025-04-03 15:29:13.
2025-04-03 15:30:28,Sensor 4.5E verloor 31g tussen 2025-04-03 15:20:28 en 2025-04-03 15:30:28.
2025-04-03 15:49:10,Sensor 4.7E verloor 35g tussen 2025-04-03 15:39:12 en 2025-04-03 15:49:10.
2025-04-03 15:50:26,Sensor 4.5E verloor 36g tussen 2025-04-03 15:40:25 en 2025-04-03 15:50:26.
2025-04-03 15:59:12,Sensor 4.7E verloor 26g tussen 2025-04-03 15:49:10 en 2025-04-03 15:59:12.
2025-04-03 16:30:25,Sensor 4.5E verloor 20g tussen 2025-04-03 16:20:25 en 2025-04-03 16:30:25.
2025-04-03 16:40:23,Sensor 4.5E verloor 28g tussen 2025-04-03 16:30:25 en 2025-04-03 16:40:23.
2025-04-03 17:00:02,Sensor 4.1C verloor 30g tussen 2025-04-03 16:50:02 en 2025-04-03 17:00:02.
2025-04-03 17:45:54,Sensor 4.7A verloor 22g tussen 2025-04-03 17:35:56 en 2025-04-03 17:45:54.
2025-04-03 17:50:01,Sensor 4.1C verloor 26g tussen 2025-04-03 17:40:02 en 2025-04-03 17:50:01.
2025-04-03 18:00:00,Sensor 4.1C verloor 20g tussen 2025-04-03 17:50:01 en 2025-04-03 18:00:00.
2025-04-03 18:00:20,Sensor 4.5E verloor 20g tussen 2025-04-03 17:50:22 en 2025-04-03 18:00:20.
2025-04-03 18:19:59,Sensor 4.1C verloor 27g tussen 2025-04-03 18:10:01 en 2025-04-03 18:19:59.
2025-04-03 18:29:59,Sensor 4.1C verloor 20g tussen 2025-04-03 18:19:59 en 2025-04-03 18:29:59.
2025-04-03 18:49:05,Sensor 4.7E verloor 54g tussen 2025-04-03 18:39:05 en 2025-04-03 18:49:05.
2025-04-04 05:48:47,Sensor 4.4E verloor 56g tussen 2025-04-04 05:38:47 en 2025-04-04 05:48:47.
2025-04-04 08:29:28,Sensor 4.1C verloor 23g tussen 2025-04-04 08:19:28 en 2025-04-04 08:29:28.
2025-04-04 09:39:43,Sensor 4.5E verloor 20g tussen 2025-04-04 09:29:44 en 2025-04-04 09:39:43.
2025-04-04 09:49:23,Sensor 4.1C verloor 24g tussen 2025-04-04 09:39:26 en 2025-04-04 09:49:23.
2025-04-04 10:19:24,Sensor 4.1C verloor 47g tussen 2025-04-04 10:09:22 en 2025-04-04 10:19:24.
2025-04-04 10:19:41,Sensor 4.5E verloor 22g tussen 2025-04-04 10:09:43 en 2025-04-04 10:19:41.
2025-04-04 10:28:29,Sensor 4.2A verloor 117g tussen 2025-04-04 10:18:29 en 2025-04-04 10:28:29.
2025-04-04 10:28:32,Sensor 4.7E verloor 25g tussen 2025-04-04 10:18:35 en 2025-04-04 10:28:32.
2025-04-04 10:38:32,Sensor 4.7E verloor 44g tussen 2025-04-04 10:28:32 en 2025-04-04 10:38:32.
2025-04-04 10:48:33,Sensor 4.7E verloor 40g tussen 2025-04-04 10:38:32 en 2025-04-04 10:48:33.
2025-04-04 10:49:22,Sensor 4.1C verloor 23g tussen 2025-04-04 10:39:21 en 2025-04-04 10:49:22.
2025-04-04 10:49:42,Sensor 4.5E verloor 37g tussen 2025-04-04 10:39:41 en 2025-04-04 10:49:42.
2025-04-04 11:08:33,Sensor 4.7E verloor 22g tussen 2025-04-04 10:58:32 en 2025-04-04 11:08:33.
2025-04-04 11:15:00,Sensor 5.5A verloor 22g tussen 2025-04-04 11:05:01 en 2025-04-04 11:15:00.
2025-04-04 11:24:11,Sensor 5.5E verloor 20g tussen 2025-04-04 11:14:12 en 2025-04-04 11:24:11.
2025-04-04 11:38:25,Sensor 5.2C verloor 21g tussen 2025-04-04 11:28:25 en 2025-04-04 11:38:25.
2025-04-04 11:44:09,Sensor 5.5E verloor 27g tussen 2025-04-04 11:34:11 en 2025-04-04 11:44:09.
2025-04-04 11:48:24,Sensor 5.2C verloor 37g tussen 2025-04-04 11:38:25 en 2025-04-04 11:48:24.
2025-04-04 11:48:30,Sensor 4.7E verloor 25g tussen 2025-04-04 11:38:29 en 2025-04-04 11:48:30.
2025-04-04 11:55:10,Sensor 4.7A verloor 32g tussen 2025-04-04 11:45:10 en 2025-04-04 11:55:10.
2025-04-04 11:58:30,Sensor 4.7E verloor 87g tussen 2025-04-04 11:48:30 en 2025-04-04 11:58:30.
2025-04-04 12:04:59,Sensor 5.5A verloor 21g tussen 2025-04-04 11:54:59 en 2025-04-04 12:04:59.
2025-04-04 12:08:28,Sensor 4.7E verloor 123g tussen 2025-04-04 11:58:30 en 2025-04-04 12:08:28.
2025-04-04 12:08:34,Sensor 4.4E verloor 41g tussen 2025-04-04 11:48:34 en 2025-04-04 12:08:34.
2025-04-04 12:14:11,Sensor 4.8A verloor 25g tussen 2025-04-04 12:04:10 en 2025-04-04 12:14:11.
2025-04-04 12:18:29,Sensor 4.7E verloor 52g tussen 2025-04-04 12:08:28 en 2025-04-04 12:18:29.
2025-04-04 12:18:32,Sensor 4.4E verloor 21g tussen 2025-04-04 12:08:34 en 2025-04-04 12:18:32.
2025-04-04 12:19:17,Sensor 4.1C verloor 49g tussen 2025-04-04 12:09:17 en 2025-04-04 12:19:17.
2025-04-04 12:22:35,Sensor 4.6E verloor 51g tussen 2025-04-04 12:12:35 en 2025-04-04 12:22:35.
2025-04-04 12:28:33,Sensor 4.4E verloor 22g tussen 2025-04-04 12:18:32 en 2025-04-04 12:28:33.
2025-04-04 12:29:36,Sensor 4.5E verloor 23g tussen 2025-04-04 12:19:38 en 2025-04-04 12:29:36.
2025-04-04 12:32:33,Sensor 4.6E verloor 60g tussen 2025-04-04 12:22:35 en 2025-04-04 12:32:33.
2025-04-04 12:34:57,Sensor 5.5A verloor 25g tussen 2025-04-04 12:24:56 en 2025-04-04 12:34:57.
2025-04-04 12:38:30,Sensor 4.4E verloor 21g tussen 2025-04-04 12:28:33 en 2025-04-04 12:38:30.
2025-04-04 12:39:17,Sensor 4.1C verloor 22g tussen 2025-04-04 12:29:18 en 2025-04-04 12:39:17.
2025-04-04 12:42:34,Sensor 4.6E verloor 25g tussen 2025-04-04 12:32:33 en 2025-04-04 12:42:34.
2025-04-04 12:54:55,Sensor 5.5A verloor 34g tussen 2025-04-04 12:44:56 en 2025-04-04 12:54:55.
2025-04-04 12:58:27,Sensor 4.7E verloor 38g tussen 2025-04-04 12:48:29 en 2025-04-04 12:58:27.
2025-04-04 13:01:37,Sensor 4.8E verloor 20g tussen 2025-04-04 12:51:36 en 2025-04-04 13:01:37.
2025-04-04 13:02:33,Sensor 4.6E verloor 20g tussen 2025-04-04 12:52:33 en 2025-04-04 13:02:33.
2025-04-04 13:08:27,Sensor 4.7E verloor 41g tussen 2025-04-04 12:58:27 en 2025-04-04 13:08:27.
2025-04-04 13:09:16,Sensor 4.1C verloor 33g tussen 2025-04-04 12:59:15 en 2025-04-04 13:09:16.
2025-04-04 13:09:36,Sensor 4.5E verloor 35g tussen 2025-04-04 12:59:35 en 2025-04-04 13:09:36.
2025-04-04 13:11:34,Sensor 4.8E verloor 22g tussen 2025-04-04 13:01:37 en 2025-04-04 13:11:34.
2025-04-04 13:12:32,Sensor 4.6E verloor 29g tussen 2025-04-04 13:02:33 en 2025-04-04 13:12:32.
2025-04-04 13:14:08,Sensor 5.5E verloor 27g tussen 2025-04-04 13:04:07 en 2025-04-04 13:14:08.
2025-04-04 13:18:24,Sensor 4.2A verloor 39g tussen 2025-04-04 13:08:21 en 2025-04-04 13:18:24.
2025-04-04 13:18:29,Sensor 4.4E verloor 26g tussen 2025-04-04 13:08:30 en 2025-04-04 13:18:29.
2025-04-04 13:21:34,Sensor 4.8E verloor 23g tussen 2025-04-04 13:11:34 en 2025-04-04 13:21:34.
2025-04-04 13:28:22,Sensor 5.2C verloor 41g tussen 2025-04-04 13:18:21 en 2025-04-04 13:28:22.
2025-04-04 13:28:24,Sensor 4.2A verloor 36g tussen 2025-04-04 13:18:24 en 2025-04-04 13:28:24.
2025-04-04 13:32:44,Sensor 4.4A verloor 21g tussen 2025-04-04 13:22:42 en 2025-04-04 13:32:44.
2025-04-04 13:38:20,Sensor 5.2C verloor 26g tussen 2025-04-04 13:28:22 en 2025-04-04 13:38:20.
2025-04-04 13:38:23,Sensor 4.2A verloor 29g tussen 2025-04-04 13:28:24 en 2025-04-04 13:38:23.
2025-04-04 13:41:34,Sensor 4.8E verloor 24g tussen 2025-04-04 13:31:34 en 2025-04-04 13:41:34.
2025-04-04 13:42:43,Sensor 4.4A verloor 25g tussen 2025-04-04 13:32:44 en 2025-04-04 13:42:43.
2025-04-04 13:48:19,Sensor 5.2C verloor 26g tussen 2025-04-04 13:38:20 en 2025-04-04 13:48:19.
2025-04-04 13:49:32,Sensor 4.5E verloor 37g tussen 2025-04-04 13:39:34 en 2025-04-04 13:49:32.
2025-04-04 13:51:34,Sensor 4.8E verloor 22g tussen 2025-04-04 13:41:34 en 2025-04-04 13:51:34.
2025-04-04 14:08:19,Sensor 5.2C verloor 29g tussen 2025-04-04 13:58:18 en 2025-04-04 14:08:19.
2025-04-04 14:11:35,Sensor 4.8E verloor 20g tussen 2025-04-04 14:01:34 en 2025-04-04 14:11:35.
2025-04-04 14:18:20,Sensor 5.2C verloor 21g tussen 2025-04-04 14:08:19 en 2025-04-04 14:18:20.
2025-04-04 14:18:27,Sensor 4.4E verloor 25g tussen 2025-04-04 14:08:27 en 2025-04-04 14:18:27.
2025-04-04 14:21:34,Sensor 4.8E verloor 20g tussen 2025-04-04 14:11:35 en 2025-04-04 14:21:34.
2025-04-04 14:22:28,Sensor 4.6E verloor 60g tussen 2025-04-04 14:12:30 en 2025-04-04 14:22:28.
2025-04-04 14:28:17,Sensor 5.2C verloor 32g tussen 2025-04-04 14:18:20 en 2025-04-04 14:28:17.
2025-04-04 14:28:22,Sensor 4.7E verloor 20g tussen 2025-04-04 14:18:23 en 2025-04-04 14:28:22.
2025-04-04 14:28:27,Sensor 4.4E verloor 21g tussen 2025-04-04 14:18:27 en 2025-04-04 14:28:27.
2025-04-04 14:31:34,Sensor 4.8E verloor 24g tussen 2025-04-04 14:21:34 en 2025-04-04 14:31:34.
2025-04-04 14:34:04,Sensor 4.8A verloor 20g tussen 2025-04-04 14:24:05 en 2025-04-04 14:34:04.
2025-04-04 14:38:19,Sensor 5.2C verloor 39g tussen 2025-04-04 14:28:17 en 2025-04-04 14:38:19.
2025-04-04 14:38:22,Sensor 4.7E verloor 43g tussen 2025-04-04 14:28:22 en 2025-04-04 14:38:22.
2025-04-04 14:38:27,Sensor 4.4E verloor 22g tussen 2025-04-04 14:28:27 en 2025-04-04 14:38:27.
2025-04-04 14:48:19,Sensor 5.2C verloor 31g tussen 2025-04-04 14:38:19 en 2025-04-04 14:48:19.
2025-04-04 14:48:22,Sensor 4.7E verloor 25g tussen 2025-04-04 14:38:22 en 2025-04-04 14:48:22.
2025-04-04 14:49:31,Sensor 4.5E verloor 30g tussen 2025-04-04 14:39:31 en 2025-04-04 14:49:31.
2025-04-04 14:52:27,Sensor 4.6E verloor 22g tussen 2025-04-04 14:42:30 en 2025-04-04 14:52:27.
2025-04-04 14:58:21,Sensor 4.7E verloor 30g tussen 2025-04-04 14:48:22 en 2025-04-04 14:58:21.
2025-04-04 15:28:20,Sensor 4.7E verloor 24g tussen 2025-04-04 15:18:20 en 2025-04-04 15:28:20.
2025-04-04 15:38:21,Sensor 4.7E verloor 23g tussen 2025-04-04 15:28:20 en 2025-04-04 15:38:21.
2025-04-04 15:44:02,Sensor 4.8A verloor 28g tussen 2025-04-04 15:34:01 en 2025-04-04 15:44:02.
2025-04-04 15:58:22,Sensor 4.4E verloor 23g tussen 2025-04-04 15:38:23 en 2025-04-04 15:58:22.
2025-04-04 15:59:11,Sensor 4.1C verloor 24g tussen 2025-04-04 15:49:11 en 2025-04-04 15:59:11.
2025-04-04 16:02:26,Sensor 4.6E verloor 24g tussen 2025-04-04 15:52:25 en 2025-04-04 16:02:26.
2025-04-04 16:18:20,Sensor 4.7E verloor 135g tussen 2025-04-04 16:08:20 en 2025-04-04 16:18:20.
2025-04-04 16:44:57,Sensor 4.7A verloor 20g tussen 2025-04-04 16:34:59 en 2025-04-04 16:44:57.
2025-04-04 16:58:19,Sensor 4.7E verloor 91g tussen 2025-04-04 16:48:19 en 2025-04-04 16:58:19.
2025-04-04 17:19:26,Sensor 4.5E verloor 20g tussen 2025-04-04 17:09:25 en 2025-04-04 17:19:26.
2025-04-04 17:23:59,Sensor 4.8A verloor 21g tussen 2025-04-04 17:13:57 en 2025-04-04 17:23:59.
2025-04-04 17:39:06,Sensor 4.1C verloor 41g tussen 2025-04-04 17:29:07 en 2025-04-04 17:39:06.
2025-04-04 17:44:43,Sensor 5.5A verloor 67g tussen 2025-04-04 17:34:44 en 2025-04-04 17:44:43.
2025-04-04 18:08:11,Sensor 5.2C verloor 28g tussen 2025-04-04 17:58:10 en 2025-04-04 18:08:11.
2025-04-04 18:09:05,Sensor 4.1C verloor 31g tussen 2025-04-04 17:59:05 en 2025-04-04 18:09:05.
2025-04-04 18:19:05,Sensor 4.1C verloor 23g tussen 2025-04-04 18:09:05 en 2025-04-04 18:19:05.
2025-04-04 18:29:03,Sensor 4.1C verloor 25g tussen 2025-04-04 18:19:05 en 2025-04-04 18:29:03.
2025-04-04 18:33:55,Sensor 5.5E verloor 26g tussen 2025-04-04 18:23:55 en 2025-04-04 18:33:55.
2025-04-04 18:39:03,Sensor 4.1C verloor 25g tussen 2025-04-04 18:29:03 en 2025-04-04 18:39:03.
2025-04-04 18:54:53,Sensor 4.7A verloor 22g tussen 2025-04-04 18:44:54 en 2025-04-04 18:54:53.
2025-04-04 19:23:54,Sensor 5.5E verloor 94g tussen 2025-04-04 19:13:55 en 2025-04-04 19:23:54.
2025-04-04 19:34:39,Sensor 5.5A verloor 38g tussen 2025-04-04 19:24:41 en 2025-04-04 19:34:39.
2025-04-04 20:03:52,Sensor 5.5E verloor 21g tussen 2025-04-04 19:53:54 en 2025-04-04 20:03:52.
2025-04-04 20:18:58,Sensor 4.1C verloor 27g tussen 2025-04-04 20:09:00 en 2025-04-04 20:18:58.
2025-04-04 21:58:55,Sensor 4.1C verloor 22g tussen 2025-04-04 21:48:56 en 2025-04-04 21:58:55.
2025-04-04 22:28:55,Sensor 4.1C verloor 40g tussen 2025-04-04 22:18:56 en 2025-04-04 22:28:55.
2025-04-05 00:48:49,Sensor 4.1C verloor 23g tussen 2025-04-05 00:38:48 en 2025-04-05 00:48:49.
2025-04-05 05:08:38,Sensor 4.1C verloor 54g tussen 2025-04-05 04:58:40 en 2025-04-05 05:08:38.
2025-04-05 05:24:28,Sensor 4.7A verloor 30g tussen 2025-04-05 05:14:26 en 2025-04-05 05:24:28.
2025-04-05 06:01:52,Sensor 4.6E verloor 33g tussen 2025-04-05 05:51:52 en 2025-04-05 06:01:52.
2025-04-05 06:17:51,Sensor 4.7E verloor 67g tussen 2025-04-05 06:07:53 en 2025-04-05 06:17:51.
2025-04-05 06:21:51,Sensor 4.6E verloor 20g tussen 2025-04-05 06:11:52 en 2025-04-05 06:21:51.
2025-04-05 06:37:52,Sensor 4.7E verloor 82g tussen 2025-04-05 06:27:52 en 2025-04-05 06:37:52.
2025-04-05 06:50:56,Sensor 4.8E verloor 32g tussen 2025-04-05 06:40:57 en 2025-04-05 06:50:56.
2025-04-05 07:03:22,Sensor 4.8A verloor 55g tussen 2025-04-05 06:53:22 en 2025-04-05 07:03:22.
2025-04-05 07:10:55,Sensor 4.8E verloor 76g tussen 2025-04-05 07:00:56 en 2025-04-05 07:10:55.
2025-04-05 07:14:22,Sensor 4.7A verloor 65g tussen 2025-04-05 07:04:23 en 2025-04-05 07:14:22.
2025-04-05 07:44:14,Sensor 4.3A verloor 70g tussen 2025-04-05 07:34:15 en 2025-04-05 07:44:14.
2025-04-05 07:51:58,Sensor 4.4A verloor 42g tussen 2025-04-05 07:41:59 en 2025-04-05 07:51:58.
2025-04-05 08:07:49,Sensor 4.7E verloor 37g tussen 2025-04-05 07:57:48 en 2025-04-05 08:07:49.
2025-04-05 08:11:55,Sensor 4.4A verloor 57g tussen 2025-04-05 08:01:57 en 2025-04-05 08:11:55.
2025-04-05 08:27:46,Sensor 4.7E verloor 109g tussen 2025-04-05 08:17:47 en 2025-04-05 08:27:46.
2025-04-05 08:59:35,Sensor 4.5A verloor 20g tussen 2025-04-05 08:49:35 en 2025-04-05 08:59:35.
2025-04-05 09:09:35,Sensor 4.5A verloor 28g tussen 2025-04-05 08:59:35 en 2025-04-05 09:09:35.
2025-04-05 09:19:36,Sensor 4.5A verloor 25g tussen 2025-04-05 09:09:35 en 2025-04-05 09:19:36.
2025-04-05 09:27:44,Sensor 4.7E verloor 28g tussen 2025-04-05 09:17:46 en 2025-04-05 09:27:44.
2025-04-05 09:39:35,Sensor 4.5A verloor 27g tussen 2025-04-05 09:29:34 en 2025-04-05 09:39:35.
2025-04-05 09:47:38,Sensor 5.2C verloor 24g tussen 2025-04-05 09:37:41 en 2025-04-05 09:47:38.
2025-04-05 10:17:38,Sensor 5.2C verloor 30g tussen 2025-04-05 10:07:39 en 2025-04-05 10:17:38.
2025-04-05 10:17:43,Sensor 4.7E verloor 21g tussen 2025-04-05 10:07:42 en 2025-04-05 10:17:43.
2025-04-05 10:19:33,Sensor 4.5A verloor 85g tussen 2025-04-05 10:09:33 en 2025-04-05 10:19:33.
2025-04-05 10:27:39,Sensor 5.2C verloor 27g tussen 2025-04-05 10:17:38 en 2025-04-05 10:27:39.
2025-04-05 10:27:42,Sensor 4.7E verloor 30g tussen 2025-04-05 10:17:43 en 2025-04-05 10:27:42.
2025-04-05 10:29:32,Sensor 4.5A verloor 56g tussen 2025-04-05 10:19:33 en 2025-04-05 10:29:32.
2025-04-05 10:37:42,Sensor 4.7E verloor 44g tussen 2025-04-05 10:27:42 en 2025-04-05 10:37:42.
2025-04-05 10:38:48,Sensor 4.5E verloor 21g tussen 2025-04-05 10:28:49 en 2025-04-05 10:38:48.
2025-04-05 10:39:34,Sensor 4.5A verloor 26g tussen 2025-04-05 10:29:32 en 2025-04-05 10:39:34.
2025-04-05 10:49:33,Sensor 4.5A verloor 28g tussen 2025-04-05 10:39:34 en 2025-04-05 10:49:33.
2025-04-05 10:57:41,Sensor 4.7E verloor 30g tussen 2025-04-05 10:47:41 en 2025-04-05 10:57:41.
2025-04-05 11:19:32,Sensor 4.5A verloor 55g tussen 2025-04-05 11:09:31 en 2025-04-05 11:19:32.
2025-04-05 11:23:20,Sensor 5.5E verloor 25g tussen 2025-04-05 11:13:18 en 2025-04-05 11:23:20.
2025-04-05 11:28:49,Sensor 4.5E verloor 37g tussen 2025-04-05 11:18:47 en 2025-04-05 11:28:49.
2025-04-05 11:34:06,Sensor 5.5A verloor 23g tussen 2025-04-05 11:24:08 en 2025-04-05 11:34:06.
2025-04-05 11:49:29,Sensor 4.5A verloor 53g tussen 2025-04-05 11:39:31 en 2025-04-05 11:49:29.
2025-04-05 11:57:39,Sensor 4.7E verloor 104g tussen 2025-04-05 11:47:39 en 2025-04-05 11:57:39.
2025-04-05 11:59:28,Sensor 4.5A verloor 39g tussen 2025-04-05 11:49:29 en 2025-04-05 11:59:28.
2025-04-05 12:07:39,Sensor 4.7E verloor 81g tussen 2025-04-05 11:57:39 en 2025-04-05 12:07:39.
2025-04-05 12:09:29,Sensor 4.5A verloor 86g tussen 2025-04-05 11:59:28 en 2025-04-05 12:09:29.
2025-04-05 12:18:47,Sensor 4.5E verloor 44g tussen 2025-04-05 12:08:48 en 2025-04-05 12:18:47.
2025-04-05 12:19:29,Sensor 4.5A verloor 45g tussen 2025-04-05 12:09:29 en 2025-04-05 12:19:29.
2025-04-05 12:21:37,Sensor 4.6E verloor 58g tussen 2025-04-05 12:11:39 en 2025-04-05 12:21:37.
2025-04-05 12:30:42,Sensor 4.8E verloor 21g tussen 2025-04-05 12:20:45 en 2025-04-05 12:30:42.
2025-04-05 12:31:37,Sensor 4.6E verloor 68g tussen 2025-04-05 12:21:37 en 2025-04-05 12:31:37.
2025-04-05 12:33:16,Sensor 5.5E verloor 22g tussen 2025-04-05 12:23:18 en 2025-04-05 12:33:16.
2025-04-05 12:37:37,Sensor 4.2A verloor 21g tussen 2025-04-05 12:27:38 en 2025-04-05 12:37:37.
2025-04-05 12:37:43,Sensor 4.4E verloor 20g tussen 2025-04-05 12:27:42 en 2025-04-05 12:37:43.
2025-04-05 12:39:29,Sensor 4.5A verloor 87g tussen 2025-04-05 12:29:29 en 2025-04-05 12:39:29.
2025-04-05 12:41:38,Sensor 4.6E verloor 33g tussen 2025-04-05 12:31:37 en 2025-04-05 12:41:38.
2025-04-05 12:47:35,Sensor 4.7E verloor 30g tussen 2025-04-05 12:37:37 en 2025-04-05 12:47:35.
2025-04-05 12:47:38,Sensor 4.2A verloor 27g tussen 2025-04-05 12:37:37 en 2025-04-05 12:47:38.
2025-04-05 12:48:45,Sensor 4.5E verloor 34g tussen 2025-04-05 12:38:46 en 2025-04-05 12:48:45.
2025-04-05 12:51:38,Sensor 4.6E verloor 37g tussen 2025-04-05 12:41:38 en 2025-04-05 12:51:38.
2025-04-05 12:57:37,Sensor 4.7E verloor 47g tussen 2025-04-05 12:47:35 en 2025-04-05 12:57:37.
2025-04-05 12:57:42,Sensor 4.4E verloor 22g tussen 2025-04-05 12:47:41 en 2025-04-05 12:57:42.
2025-04-05 13:01:35,Sensor 4.6E verloor 32g tussen 2025-04-05 12:51:38 en 2025-04-05 13:01:35.
2025-04-05 13:03:15,Sensor 5.5E verloor 28g tussen 2025-04-05 12:53:16 en 2025-04-05 13:03:15.
2025-04-05 13:07:35,Sensor 4.7E verloor 33g tussen 2025-04-05 12:57:37 en 2025-04-05 13:07:35.
2025-04-05 13:07:41,Sensor 4.4E verloor 22g tussen 2025-04-05 12:57:42 en 2025-04-05 13:07:41.
2025-04-05 13:08:43,Sensor 4.5E verloor 45g tussen 2025-04-05 12:58:46 en 2025-04-05 13:08:43.
2025-04-05 13:09:27,Sensor 4.5A verloor 56g tussen 2025-04-05 12:59:27 en 2025-04-05 13:09:27.
2025-04-05 13:10:43,Sensor 4.8E verloor 24g tussen 2025-04-05 13:00:41 en 2025-04-05 13:10:43.
2025-04-05 13:11:37,Sensor 4.6E verloor 46g tussen 2025-04-05 13:01:35 en 2025-04-05 13:11:37.
2025-04-05 13:13:16,Sensor 5.5E verloor 22g tussen 2025-04-05 13:03:15 en 2025-04-05 13:13:16.
2025-04-05 13:14:06,Sensor 4.7A verloor 36g tussen 2025-04-05 13:04:08 en 2025-04-05 13:14:06.
2025-04-05 13:17:35,Sensor 4.7E verloor 33g tussen 2025-04-05 13:07:35 en 2025-04-05 13:17:35.
2025-04-05 13:17:40,Sensor 4.4E verloor 26g tussen 2025-04-05 13:07:41 en 2025-04-05 13:17:40.
2025-04-05 13:20:40,Sensor 4.8E verloor 23g tussen 2025-04-05 13:10:43 en 2025-04-05 13:20:40.
2025-04-05 13:21:43,Sensor 4.4A verloor 28g tussen 2025-04-05 13:11:43 en 2025-04-05 13:21:43.
2025-04-05 13:23:16,Sensor 5.5E verloor 46g tussen 2025-04-05 13:13:16 en 2025-04-05 13:23:16.
2025-04-05 13:27:31,Sensor 5.2C verloor 23g tussen 2025-04-05 13:17:31 en 2025-04-05 13:27:31.
2025-04-05 13:27:36,Sensor 4.2A verloor 149g tussen 2025-04-05 13:17:38 en 2025-04-05 13:27:36.
2025-04-05 13:29:25,Sensor 4.5A verloor 42g tussen 2025-04-05 13:19:26 en 2025-04-05 13:29:25.
2025-04-05 13:37:29,Sensor 5.2C verloor 27g tussen 2025-04-05 13:27:31 en 2025-04-05 13:37:29.
2025-04-05 13:37:36,Sensor 4.2A verloor 50g tussen 2025-04-05 13:27:36 en 2025-04-05 13:37:36.
2025-04-05 13:38:44,Sensor 4.5E verloor 23g tussen 2025-04-05 13:28:45 en 2025-04-05 13:38:44.
2025-04-05 13:41:41,Sensor 4.4A verloor 23g tussen 2025-04-05 13:31:42 en 2025-04-05 13:41:41.
2025-04-05 13:47:35,Sensor 4.2A verloor 24g tussen 2025-04-05 13:37:36 en 2025-04-05 13:47:35.
2025-04-05 13:48:44,Sensor 4.5E verloor 20g tussen 2025-04-05 13:38:44 en 2025-04-05 13:48:44.
2025-04-05 13:53:10,Sensor 4.8A verloor 26g tussen 2025-04-05 13:43:10 en 2025-04-05 13:53:10.
2025-04-05 14:08:18,Sensor 4.1C verloor 21g tussen 2025-04-05 13:58:18 en 2025-04-05 14:08:18.
2025-04-05 14:08:42,Sensor 4.5E verloor 57g tussen 2025-04-05 13:58:42 en 2025-04-05 14:08:42.
2025-04-05 14:09:26,Sensor 4.5A verloor 35g tussen 2025-04-05 13:59:24 en 2025-04-05 14:09:26.
2025-04-05 14:19:23,Sensor 4.5A verloor 31g tussen 2025-04-05 14:09:26 en 2025-04-05 14:19:23.
2025-04-05 14:21:34,Sensor 4.6E verloor 53g tussen 2025-04-05 14:11:33 en 2025-04-05 14:21:34.
2025-04-05 14:27:29,Sensor 5.2C verloor 24g tussen 2025-04-05 14:17:30 en 2025-04-05 14:27:29.
2025-04-05 14:29:25,Sensor 4.5A verloor 55g tussen 2025-04-05 14:19:23 en 2025-04-05 14:29:25.
2025-04-05 14:37:32,Sensor 4.2A verloor 20g tussen 2025-04-05 14:27:33 en 2025-04-05 14:37:32.
2025-04-05 14:37:35,Sensor 4.7E verloor 24g tussen 2025-04-05 14:27:33 en 2025-04-05 14:37:35.
2025-04-05 14:40:39,Sensor 4.8E verloor 31g tussen 2025-04-05 14:30:40 en 2025-04-05 14:40:39.
2025-04-05 14:47:34,Sensor 4.2A verloor 25g tussen 2025-04-05 14:37:32 en 2025-04-05 14:47:34.
2025-04-05 14:57:32,Sensor 4.7E verloor 23g tussen 2025-04-05 14:47:32 en 2025-04-05 14:57:32.
2025-04-05 15:03:43,Sensor 4.6A verloor 1583g tussen 2025-04-05 14:53:45 en 2025-04-05 15:03:43.
2025-04-05 15:07:33,Sensor 4.7E verloor 24g tussen 2025-04-05 14:57:32 en 2025-04-05 15:07:33.
2025-04-05 15:57:29,Sensor 4.7E verloor 25g tussen 2025-04-05 15:47:30 en 2025-04-05 15:57:29.
2025-04-05 15:59:23,Sensor 4.5A verloor 34g tussen 2025-04-05 15:49:20 en 2025-04-05 15:59:23.
2025-04-05 16:09:20,Sensor 4.5A verloor 72g tussen 2025-04-05 15:59:23 en 2025-04-05 16:09:20.
2025-04-05 16:10:36,Sensor 4.8E verloor 23g tussen 2025-04-05 16:00:35 en 2025-04-05 16:10:36.
2025-04-05 16:19:21,Sensor 4.5A verloor 127g tussen 2025-04-05 16:09:20 en 2025-04-05 16:19:21.
2025-04-05 16:29:21,Sensor 4.5A verloor 73g tussen 2025-04-05 16:19:21 en 2025-04-05 16:29:21.
2025-04-05 16:33:39,Sensor 4.6A verloor 42g tussen 2025-04-05 16:23:40 en 2025-04-05 16:33:39.
2025-04-05 16:38:37,Sensor 4.5E verloor 28g tussen 2025-04-05 16:28:36 en 2025-04-05 16:38:37.
2025-04-05 16:48:10,Sensor 4.1C verloor 36g tussen 2025-04-05 16:38:10 en 2025-04-05 16:48:10.
2025-04-05 16:49:21,Sensor 4.5A verloor 39g tussen 2025-04-05 16:39:19 en 2025-04-05 16:49:21.
2025-04-05 16:53:38,Sensor 4.6A verloor 21g tussen 2025-04-05 16:43:38 en 2025-04-05 16:53:38.
2025-04-05 16:53:59,Sensor 4.7A verloor 21g tussen 2025-04-05 16:44:00 en 2025-04-05 16:53:59.
2025-04-05 16:58:12,Sensor 4.1C verloor 35g tussen 2025-04-05 16:48:10 en 2025-04-05 16:58:12.
2025-04-05 17:01:26,Sensor 4.6E verloor 23g tussen 2025-04-05 16:51:27 en 2025-04-05 17:01:26.
2025-04-05 17:08:35,Sensor 4.5E verloor 21g tussen 2025-04-05 16:58:35 en 2025-04-05 17:08:35.
2025-04-05 17:18:11,Sensor 4.1C verloor 28g tussen 2025-04-05 17:08:09 en 2025-04-05 17:18:11.
2025-04-05 17:28:09,Sensor 4.1C verloor 21g tussen 2025-04-05 17:18:11 en 2025-04-05 17:28:09.
2025-04-05 17:57:26,Sensor 4.7E verloor 26g tussen 2025-04-05 17:47:26 en 2025-04-05 17:57:26.
2025-04-05 17:58:10,Sensor 4.1C verloor 32g tussen 2025-04-05 17:48:10 en 2025-04-05 17:58:10.
2025-04-05 18:18:08,Sensor 4.1C verloor 30g tussen 2025-04-05 18:08:08 en 2025-04-05 18:18:08.
2025-04-05 18:23:37,Sensor 4.6A verloor 28g tussen 2025-04-05 18:13:35 en 2025-04-05 18:23:37.
2025-04-05 18:28:08,Sensor 4.1C verloor 30g tussen 2025-04-05 18:18:08 en 2025-04-05 18:28:08.
2025-04-05 18:28:31,Sensor 4.5E verloor 25g tussen 2025-04-05 18:18:33 en 2025-04-05 18:28:31.
2025-04-05 18:29:15,Sensor 4.5A verloor 78g tussen 2025-04-05 18:19:18 en 2025-04-05 18:29:15.
2025-04-05 19:09:13,Sensor 4.5A verloor 20g tussen 2025-04-05 18:59:15 en 2025-04-05 19:09:13.
2025-04-05 22:47:58,Sensor 4.1C verloor 20g tussen 2025-04-05 22:37:57 en 2025-04-05 22:47:58.
2025-04-06 09:28:46,Sensor 4.5A verloor 58g tussen 2025-04-06 09:18:45 en 2025-04-06 09:28:46.
2025-04-06 09:38:44,Sensor 4.5A verloor 46g tussen 2025-04-06 09:28:46 en 2025-04-06 09:38:44.
2025-04-06 09:46:45,Sensor 5.2C verloor 25g tussen 2025-04-06 09:36:46 en 2025-04-06 09:46:45.
2025-04-06 09:48:44,Sensor 4.5A verloor 28g tussen 2025-04-06 09:38:44 en 2025-04-06 09:48:44.
2025-04-06 10:16:45,Sensor 5.2C verloor 22g tussen 2025-04-06 10:06:46 en 2025-04-06 10:16:45.
2025-04-06 10:26:45,Sensor 5.2C verloor 22g tussen 2025-04-06 10:16:45 en 2025-04-06 10:26:45.
2025-04-06 10:36:49,Sensor 4.7E verloor 22g tussen 2025-04-06 10:26:50 en 2025-04-06 10:36:49.
2025-04-06 10:46:49,Sensor 4.7E verloor 43g tussen 2025-04-06 10:36:49 en 2025-04-06 10:46:49.
2025-04-06 10:48:41,Sensor 4.5A verloor 93g tussen 2025-04-06 10:38:42 en 2025-04-06 10:48:41.
2025-04-06 11:16:43,Sensor 5.2C verloor 22g tussen 2025-04-06 11:06:41 en 2025-04-06 11:16:43.
2025-04-06 11:18:40,Sensor 4.5A verloor 77g tussen 2025-04-06 11:08:42 en 2025-04-06 11:18:40.
2025-04-06 11:22:25,Sensor 5.5E verloor 25g tussen 2025-04-06 11:12:26 en 2025-04-06 11:22:25.
2025-04-06 11:32:26,Sensor 5.5E verloor 29g tussen 2025-04-06 11:22:25 en 2025-04-06 11:32:26.
2025-04-06 11:36:41,Sensor 5.2C verloor 30g tussen 2025-04-06 11:26:42 en 2025-04-06 11:36:41.
2025-04-06 11:42:24,Sensor 5.5E verloor 26g tussen 2025-04-06 11:32:26 en 2025-04-06 11:42:24.
2025-04-06 11:46:46,Sensor 4.7E verloor 46g tussen 2025-04-06 11:36:47 en 2025-04-06 11:46:46.
2025-04-06 11:48:39,Sensor 4.5A verloor 40g tussen 2025-04-06 11:38:41 en 2025-04-06 11:48:39.
2025-04-06 11:53:18,Sensor 4.7A verloor 28g tussen 2025-04-06 11:43:19 en 2025-04-06 11:53:18.
2025-04-06 11:56:46,Sensor 4.7E verloor 23g tussen 2025-04-06 11:46:46 en 2025-04-06 11:56:46.
2025-04-06 12:06:44,Sensor 4.7E verloor 44g tussen 2025-04-06 11:56:46 en 2025-04-06 12:06:44.
2025-04-06 12:07:29,Sensor 4.1C verloor 23g tussen 2025-04-06 11:57:31 en 2025-04-06 12:07:29.
2025-04-06 12:12:23,Sensor 5.5E verloor 21g tussen 2025-04-06 12:02:24 en 2025-04-06 12:12:23.
2025-04-06 12:16:43,Sensor 4.7E verloor 38g tussen 2025-04-06 12:06:44 en 2025-04-06 12:16:43.
2025-04-06 12:18:38,Sensor 4.5A verloor 53g tussen 2025-04-06 12:08:38 en 2025-04-06 12:18:38.
2025-04-06 12:20:44,Sensor 4.6E verloor 24g tussen 2025-04-06 12:10:42 en 2025-04-06 12:20:44.
2025-04-06 12:26:45,Sensor 4.7E verloor 42g tussen 2025-04-06 12:16:43 en 2025-04-06 12:26:45.
2025-04-06 12:26:49,Sensor 4.4E verloor 25g tussen 2025-04-06 12:16:49 en 2025-04-06 12:26:49.
2025-04-06 12:28:37,Sensor 4.5A verloor 97g tussen 2025-04-06 12:18:38 en 2025-04-06 12:28:37.
2025-04-06 12:30:43,Sensor 4.6E verloor 31g tussen 2025-04-06 12:20:44 en 2025-04-06 12:30:43.
2025-04-06 12:32:22,Sensor 5.5E verloor 28g tussen 2025-04-06 12:22:23 en 2025-04-06 12:32:22.
2025-04-06 12:36:48,Sensor 4.4E verloor 21g tussen 2025-04-06 12:26:49 en 2025-04-06 12:36:48.
2025-04-06 12:42:23,Sensor 5.5E verloor 21g tussen 2025-04-06 12:32:22 en 2025-04-06 12:42:23.
2025-04-06 12:46:42,Sensor 4.2A verloor 29g tussen 2025-04-06 12:36:41 en 2025-04-06 12:46:42.
2025-04-06 12:46:44,Sensor 4.7E verloor 58g tussen 2025-04-06 12:36:45 en 2025-04-06 12:46:44.
2025-04-06 12:46:46,Sensor 4.4E verloor 20g tussen 2025-04-06 12:36:48 en 2025-04-06 12:46:46.
2025-04-06 12:47:26,Sensor 4.1C verloor 49g tussen 2025-04-06 12:37:27 en 2025-04-06 12:47:26.
2025-04-06 12:48:38,Sensor 4.5A verloor 121g tussen 2025-04-06 12:38:38 en 2025-04-06 12:48:38.
2025-04-06 12:50:43,Sensor 4.6E verloor 21g tussen 2025-04-06 12:40:42 en 2025-04-06 12:50:43.
2025-04-06 12:56:40,Sensor 4.2A verloor 31g tussen 2025-04-06 12:46:42 en 2025-04-06 12:56:40.
2025-04-06 12:56:44,Sensor 4.7E verloor 30g tussen 2025-04-06 12:46:44 en 2025-04-06 12:56:44.
2025-04-06 12:59:47,Sensor 4.8E verloor 21g tussen 2025-04-06 12:49:49 en 2025-04-06 12:59:47.
2025-04-06 13:00:40,Sensor 4.6E verloor 21g tussen 2025-04-06 12:50:43 en 2025-04-06 13:00:40.
2025-04-06 13:02:13,Sensor 4.8A verloor 20g tussen 2025-04-06 12:52:13 en 2025-04-06 13:02:13.
2025-04-06 13:02:22,Sensor 5.5E verloor 24g tussen 2025-04-06 12:52:23 en 2025-04-06 13:02:22.
2025-04-06 13:06:36,Sensor 5.2C verloor 25g tussen 2025-04-06 12:56:37 en 2025-04-06 13:06:36.
2025-04-06 13:06:44,Sensor 4.7E verloor 31g tussen 2025-04-06 12:56:44 en 2025-04-06 13:06:44.
2025-04-06 13:07:50,Sensor 4.5E verloor 55g tussen 2025-04-06 12:57:50 en 2025-04-06 13:07:50.
2025-04-06 13:08:38,Sensor 4.5A verloor 22g tussen 2025-04-06 12:58:38 en 2025-04-06 13:08:38.
2025-04-06 13:09:46,Sensor 4.8E verloor 32g tussen 2025-04-06 12:59:47 en 2025-04-06 13:09:46.
2025-04-06 13:10:40,Sensor 4.6E verloor 36g tussen 2025-04-06 13:00:40 en 2025-04-06 13:10:40.
2025-04-06 13:12:21,Sensor 5.5E verloor 39g tussen 2025-04-06 13:02:22 en 2025-04-06 13:12:21.
2025-04-06 13:16:45,Sensor 4.4E verloor 45g tussen 2025-04-06 12:56:48 en 2025-04-06 13:16:45.
2025-04-06 13:18:36,Sensor 4.5A verloor 24g tussen 2025-04-06 13:08:38 en 2025-04-06 13:18:36.
2025-04-06 13:19:46,Sensor 4.8E verloor 26g tussen 2025-04-06 13:09:46 en 2025-04-06 13:19:46.
2025-04-06 13:22:13,Sensor 4.8A verloor 27g tussen 2025-04-06 13:12:11 en 2025-04-06 13:22:13.
2025-04-06 13:22:21,Sensor 5.5E verloor 33g tussen 2025-04-06 13:12:21 en 2025-04-06 13:22:21.
2025-04-06 13:26:40,Sensor 4.2A verloor 25g tussen 2025-04-06 13:16:39 en 2025-04-06 13:26:40.
2025-04-06 13:32:20,Sensor 5.5E verloor 25g tussen 2025-04-06 13:22:21 en 2025-04-06 13:32:20.
2025-04-06 13:33:08,Sensor 4.3A verloor 21g tussen 2025-04-06 13:23:10 en 2025-04-06 13:33:08.
2025-04-06 13:36:36,Sensor 5.2C verloor 24g tussen 2025-04-06 13:26:36 en 2025-04-06 13:36:36.
2025-04-06 13:37:47,Sensor 4.5E verloor 29g tussen 2025-04-06 13:27:50 en 2025-04-06 13:37:47.
2025-04-06 13:40:40,Sensor 4.6E verloor 22g tussen 2025-04-06 13:30:39 en 2025-04-06 13:40:40.
2025-04-06 13:40:42,Sensor 4.4A verloor 21g tussen 2025-04-06 13:30:40 en 2025-04-06 13:40:42.
2025-04-06 13:42:12,Sensor 4.8A verloor 24g tussen 2025-04-06 13:32:09 en 2025-04-06 13:42:12.
2025-04-06 13:46:38,Sensor 4.2A verloor 177g tussen 2025-04-06 13:36:39 en 2025-04-06 13:46:38.
2025-04-06 13:46:45,Sensor 4.4E verloor 25g tussen 2025-04-06 13:36:47 en 2025-04-06 13:46:45.
2025-04-06 13:49:46,Sensor 4.8E verloor 32g tussen 2025-04-06 13:39:45 en 2025-04-06 13:49:46.
2025-04-06 13:56:38,Sensor 4.2A verloor 48g tussen 2025-04-06 13:46:38 en 2025-04-06 13:56:38.
2025-04-06 13:57:46,Sensor 4.5E verloor 23g tussen 2025-04-06 13:47:47 en 2025-04-06 13:57:46.
2025-04-06 14:00:40,Sensor 4.4A verloor 31g tussen 2025-04-06 13:50:42 en 2025-04-06 14:00:40.
2025-04-06 14:06:37,Sensor 4.2A verloor 21g tussen 2025-04-06 13:56:38 en 2025-04-06 14:06:37.
2025-04-06 14:18:35,Sensor 4.5A verloor 48g tussen 2025-04-06 14:08:35 en 2025-04-06 14:18:35.
2025-04-06 14:29:43,Sensor 4.8E verloor 20g tussen 2025-04-06 14:19:45 en 2025-04-06 14:29:43.
2025-04-06 14:30:39,Sensor 4.6E verloor 25g tussen 2025-04-06 14:20:39 en 2025-04-06 14:30:39.
2025-04-06 14:36:38,Sensor 4.7E verloor 32g tussen 2025-04-06 14:26:38 en 2025-04-06 14:36:38.
2025-04-06 14:46:34,Sensor 5.2C verloor 29g tussen 2025-04-06 14:36:34 en 2025-04-06 14:46:34.
2025-04-06 14:46:35,Sensor 4.2A verloor 21g tussen 2025-04-06 14:36:36 en 2025-04-06 14:46:35.
2025-04-06 14:49:44,Sensor 4.8E verloor 26g tussen 2025-04-06 14:39:44 en 2025-04-06 14:49:44.
2025-04-06 14:53:09,Sensor 5.5A verloor 26g tussen 2025-04-06 14:43:08 en 2025-04-06 14:53:09.
2025-04-06 14:56:39,Sensor 4.7E verloor 65g tussen 2025-04-06 14:46:38 en 2025-04-06 14:56:39.
2025-04-06 14:57:26,Sensor 4.1C verloor 31g tussen 2025-04-06 14:47:26 en 2025-04-06 14:57:26.
2025-04-06 15:02:17,Sensor 5.5E verloor 44g tussen 2025-04-06 14:52:17 en 2025-04-06 15:02:17.
2025-04-06 15:06:36,Sensor 4.7E verloor 30g tussen 2025-04-06 14:56:39 en 2025-04-06 15:06:36.
2025-04-06 15:22:07,Sensor 4.8A verloor 22g tussen 2025-04-06 15:12:05 en 2025-04-06 15:22:07.
2025-04-06 15:32:05,Sensor 4.8A verloor 28g tussen 2025-04-06 15:22:07 en 2025-04-06 15:32:05.
2025-04-06 15:40:35,Sensor 4.6E verloor 50g tussen 2025-04-06 15:30:36 en 2025-04-06 15:40:35.
2025-04-06 15:46:36,Sensor 4.7E verloor 26g tussen 2025-04-06 15:36:35 en 2025-04-06 15:46:36.
2025-04-06 15:58:31,Sensor 4.5A verloor 53g tussen 2025-04-06 15:48:33 en 2025-04-06 15:58:31.
2025-04-06 16:06:42,Sensor 4.4E verloor 24g tussen 2025-04-06 15:56:42 en 2025-04-06 16:06:42.
2025-04-06 16:08:29,Sensor 4.5A verloor 24g tussen 2025-04-06 15:58:31 en 2025-04-06 16:08:29.
2025-04-06 16:18:31,Sensor 4.5A verloor 69g tussen 2025-04-06 16:08:29 en 2025-04-06 16:18:31.
2025-04-06 16:28:29,Sensor 4.5A verloor 92g tussen 2025-04-06 16:18:31 en 2025-04-06 16:28:29.
2025-04-06 16:37:41,Sensor 4.5E verloor 22g tussen 2025-04-06 16:27:42 en 2025-04-06 16:37:41.
2025-04-06 16:38:29,Sensor 4.5A verloor 31g tussen 2025-04-06 16:28:29 en 2025-04-06 16:38:29.
2025-04-06 16:47:21,Sensor 4.1C verloor 21g tussen 2025-04-06 16:37:23 en 2025-04-06 16:47:21.
2025-04-06 16:47:42,Sensor 4.5E verloor 27g tussen 2025-04-06 16:37:41 en 2025-04-06 16:47:42.
2025-04-06 16:58:29,Sensor 4.5A verloor 46g tussen 2025-04-06 16:48:30 en 2025-04-06 16:58:29.
2025-04-06 17:26:33,Sensor 4.7E verloor 96g tussen 2025-04-06 17:16:36 en 2025-04-06 17:26:33.
2025-04-06 17:33:03,Sensor 4.7A verloor 26g tussen 2025-04-06 17:23:04 en 2025-04-06 17:33:03.
2025-04-06 17:37:37,Sensor 4.5E verloor 27g tussen 2025-04-06 17:27:37 en 2025-04-06 17:37:37.
2025-04-06 17:46:32,Sensor 4.7E verloor 28g tussen 2025-04-06 17:36:33 en 2025-04-06 17:46:32.
2025-04-06 18:17:17,Sensor 4.1C verloor 21g tussen 2025-04-06 18:07:18 en 2025-04-06 18:17:17.
2025-04-06 18:17:36,Sensor 4.5E verloor 20g tussen 2025-04-06 18:07:37 en 2025-04-06 18:17:36.
2025-04-06 18:27:17,Sensor 4.1C verloor 29g tussen 2025-04-06 18:17:17 en 2025-04-06 18:27:17.
2025-04-06 18:27:41,Sensor 4.5E verloor 28g tussen 2025-04-06 18:17:36 en 2025-04-06 18:27:41.
2025-04-06 18:28:27,Sensor 4.5A verloor 41g tussen 2025-04-06 18:18:26 en 2025-04-06 18:28:27.
2025-04-06 19:16:28,Sensor 4.7E verloor 20g tussen 2025-04-06 19:06:29 en 2025-04-06 19:16:28.
2025-04-06 21:57:10,Sensor 4.1C verloor 22g tussen 2025-04-06 21:47:11 en 2025-04-06 21:57:10.
2025-04-07 01:27:03,Sensor 4.1C verloor 20g tussen 2025-04-07 01:17:03 en 2025-04-07 01:27:03.
2025-04-07 02:37:00,Sensor 4.1C verloor 21g tussen 2025-04-07 02:26:58 en 2025-04-07 02:37:00.
2025-04-07 04:56:10,Sensor 4.4E verloor 22g tussen 2025-04-07 04:46:11 en 2025-04-07 04:56:10.
2025-04-07 05:26:54,Sensor 4.1C verloor 22g tussen 2025-04-07 05:16:52 en 2025-04-07 05:26:54.
2025-04-07 09:17:57,Sensor 4.5A verloor 23g tussen 2025-04-07 09:07:57 en 2025-04-07 09:17:57.
2025-04-07 09:27:57,Sensor 4.5A verloor 23g tussen 2025-04-07 09:17:57 en 2025-04-07 09:27:57.
2025-04-07 09:36:01,Sensor 4.7E verloor 29g tussen 2025-04-07 09:26:03 en 2025-04-07 09:36:01.
2025-04-07 09:36:45,Sensor 4.1C verloor 28g tussen 2025-04-07 09:26:44 en 2025-04-07 09:36:45.
2025-04-07 10:27:53,Sensor 4.5A verloor 37g tussen 2025-04-07 10:17:56 en 2025-04-07 10:27:53.
2025-04-07 10:35:58,Sensor 4.7E verloor 23g tussen 2025-04-07 10:25:59 en 2025-04-07 10:35:58.
2025-04-07 10:45:58,Sensor 4.7E verloor 21g tussen 2025-04-07 10:35:58 en 2025-04-07 10:45:58.
2025-04-07 11:12:25,Sensor 4.7A verloor 123g tussen 2025-04-07 11:02:26 en 2025-04-07 11:12:25.
2025-04-07 11:15:59,Sensor 4.7E verloor 31g tussen 2025-04-07 11:05:57 en 2025-04-07 11:15:59.
2025-04-07 11:17:01,Sensor 4.5E verloor 24g tussen 2025-04-07 11:07:01 en 2025-04-07 11:17:01.
2025-04-07 11:17:52,Sensor 4.5A verloor 46g tussen 2025-04-07 11:07:53 en 2025-04-07 11:17:52.
2025-04-07 11:25:59,Sensor 4.7E verloor 56g tussen 2025-04-07 11:15:59 en 2025-04-07 11:25:59.
2025-04-07 11:27:53,Sensor 4.5A verloor 38g tussen 2025-04-07 11:17:52 en 2025-04-07 11:27:53.
2025-04-07 11:31:33,Sensor 5.5E verloor 35g tussen 2025-04-07 11:21:34 en 2025-04-07 11:31:33.
2025-04-07 11:47:53,Sensor 4.5A verloor 21g tussen 2025-04-07 11:37:51 en 2025-04-07 11:47:53.
2025-04-07 11:55:56,Sensor 4.7E verloor 27g tussen 2025-04-07 11:45:58 en 2025-04-07 11:55:56.
2025-04-07 12:06:39,Sensor 4.1C verloor 46g tussen 2025-04-07 11:56:39 en 2025-04-07 12:06:39.
2025-04-07 12:16:39,Sensor 4.1C verloor 24g tussen 2025-04-07 12:06:39 en 2025-04-07 12:16:39.
2025-04-07 12:17:51,Sensor 4.5A verloor 136g tussen 2025-04-07 12:07:52 en 2025-04-07 12:17:51.
2025-04-07 12:22:21,Sensor 4.7A verloor 51g tussen 2025-04-07 12:12:22 en 2025-04-07 12:22:21.
2025-04-07 12:27:49,Sensor 4.5A verloor 26g tussen 2025-04-07 12:17:51 en 2025-04-07 12:27:49.
2025-04-07 12:31:12,Sensor 4.8A verloor 22g tussen 2025-04-07 12:21:12 en 2025-04-07 12:31:12.
2025-04-07 12:35:55,Sensor 4.7E verloor 189g tussen 2025-04-07 12:25:55 en 2025-04-07 12:35:55.
2025-04-07 12:37:50,Sensor 4.5A verloor 25g tussen 2025-04-07 12:27:49 en 2025-04-07 12:37:50.
2025-04-07 12:41:31,Sensor 5.5E verloor 27g tussen 2025-04-07 12:31:31 en 2025-04-07 12:41:31.
2025-04-07 12:45:51,Sensor 4.4E verloor 24g tussen 2025-04-07 12:35:52 en 2025-04-07 12:45:51.
2025-04-07 12:45:54,Sensor 4.2A verloor 32g tussen 2025-04-07 12:35:54 en 2025-04-07 12:45:54.
2025-04-07 12:49:50,Sensor 4.6E verloor 28g tussen 2025-04-07 12:39:53 en 2025-04-07 12:49:50.
2025-04-07 12:55:48,Sensor 5.2C verloor 20g tussen 2025-04-07 12:45:47 en 2025-04-07 12:55:48.
2025-04-07 12:55:52,Sensor 4.4E verloor 22g tussen 2025-04-07 12:45:51 en 2025-04-07 12:55:52.
2025-04-07 12:55:55,Sensor 4.2A verloor 29g tussen 2025-04-07 12:45:54 en 2025-04-07 12:55:55.
2025-04-07 12:56:37,Sensor 4.1C verloor 36g tussen 2025-04-07 12:46:38 en 2025-04-07 12:56:37.
2025-04-07 12:57:50,Sensor 4.5A verloor 65g tussen 2025-04-07 12:47:48 en 2025-04-07 12:57:50.
2025-04-07 13:01:29,Sensor 5.5E verloor 21g tussen 2025-04-07 12:51:31 en 2025-04-07 13:01:29.
2025-04-07 13:05:51,Sensor 4.4E verloor 22g tussen 2025-04-07 12:55:52 en 2025-04-07 13:05:51.
2025-04-07 13:06:56,Sensor 4.5E verloor 35g tussen 2025-04-07 12:56:55 en 2025-04-07 13:06:56.
2025-04-07 13:08:57,Sensor 4.8E verloor 67g tussen 2025-04-07 12:58:58 en 2025-04-07 13:08:57.
2025-04-07 13:09:52,Sensor 4.6E verloor 55g tussen 2025-04-07 12:59:51 en 2025-04-07 13:09:52.
2025-04-07 13:11:31,Sensor 5.5E verloor 31g tussen 2025-04-07 13:01:29 en 2025-04-07 13:11:31.
2025-04-07 13:15:51,Sensor 4.4E verloor 24g tussen 2025-04-07 13:05:51 en 2025-04-07 13:15:51.
2025-04-07 13:15:54,Sensor 4.7E verloor 236g tussen 2025-04-07 13:05:55 en 2025-04-07 13:15:54.
2025-04-07 13:16:35,Sensor 4.1C verloor 22g tussen 2025-04-07 13:06:37 en 2025-04-07 13:16:35.
2025-04-07 13:21:11,Sensor 4.8A verloor 23g tussen 2025-04-07 13:11:11 en 2025-04-07 13:21:11.
2025-04-07 13:21:30,Sensor 5.5E verloor 33g tussen 2025-04-07 13:11:31 en 2025-04-07 13:21:30.
2025-04-07 13:25:52,Sensor 4.2A verloor 44g tussen 2025-04-07 13:15:51 en 2025-04-07 13:25:52.
2025-04-07 13:26:54,Sensor 4.5E verloor 40g tussen 2025-04-07 13:16:54 en 2025-04-07 13:26:54.
2025-04-07 13:31:27,Sensor 5.5E verloor 25g tussen 2025-04-07 13:21:30 en 2025-04-07 13:31:27.
2025-04-07 13:31:57,Sensor 4.6A verloor 20g tussen 2025-04-07 13:21:58 en 2025-04-07 13:31:57.
2025-04-07 13:35:54,Sensor 4.2A verloor 21g tussen 2025-04-07 13:25:52 en 2025-04-07 13:35:54.
2025-04-07 13:39:52,Sensor 4.4A verloor 20g tussen 2025-04-07 13:29:50 en 2025-04-07 13:39:52.
2025-04-07 13:48:56,Sensor 4.8E verloor 51g tussen 2025-04-07 13:38:56 en 2025-04-07 13:48:56.
2025-04-07 13:49:50,Sensor 4.6E verloor 21g tussen 2025-04-07 13:39:50 en 2025-04-07 13:49:50.
2025-04-07 13:55:52,Sensor 4.7E verloor 116g tussen 2025-04-07 13:45:52 en 2025-04-07 13:55:52.
2025-04-07 14:01:08,Sensor 4.8A verloor 29g tussen 2025-04-07 13:51:09 en 2025-04-07 14:01:08.
2025-04-07 14:05:48,Sensor 4.4E verloor 22g tussen 2025-04-07 13:55:48 en 2025-04-07 14:05:48.
2025-04-07 14:12:18,Sensor 4.7A verloor 22g tussen 2025-04-07 14:02:19 en 2025-04-07 14:12:18.
2025-04-07 14:17:46,Sensor 4.5A verloor 36g tussen 2025-04-07 14:07:48 en 2025-04-07 14:17:46.
2025-04-07 14:19:48,Sensor 4.6E verloor 55g tussen 2025-04-07 14:09:48 en 2025-04-07 14:19:48.
2025-04-07 14:28:52,Sensor 4.8E verloor 27g tussen 2025-04-07 14:18:54 en 2025-04-07 14:28:52.
2025-04-07 14:35:51,Sensor 4.7E verloor 157g tussen 2025-04-07 14:25:52 en 2025-04-07 14:35:51.
2025-04-07 14:36:37,Sensor 4.1C verloor 22g tussen 2025-04-07 14:26:38 en 2025-04-07 14:36:37.
2025-04-07 14:37:45,Sensor 4.5A verloor 51g tussen 2025-04-07 14:27:47 en 2025-04-07 14:37:45.
2025-04-07 14:38:54,Sensor 4.8E verloor 20g tussen 2025-04-07 14:28:52 en 2025-04-07 14:38:54.
2025-04-07 14:42:18,Sensor 4.7A verloor 30g tussen 2025-04-07 14:32:18 en 2025-04-07 14:42:18.
2025-04-07 14:45:46,Sensor 4.4E verloor 25g tussen 2025-04-07 14:35:49 en 2025-04-07 14:45:46.
2025-04-07 14:45:50,Sensor 4.7E verloor 29g tussen 2025-04-07 14:35:51 en 2025-04-07 14:45:50.
2025-04-07 14:46:53,Sensor 4.5E verloor 27g tussen 2025-04-07 14:36:53 en 2025-04-07 14:46:53.
2025-04-07 14:55:50,Sensor 4.2A verloor 147g tussen 2025-04-07 14:45:51 en 2025-04-07 14:55:50.
2025-04-07 15:01:07,Sensor 4.8A verloor 23g tussen 2025-04-07 14:51:08 en 2025-04-07 15:01:07.
2025-04-07 15:06:36,Sensor 4.1C verloor 25g tussen 2025-04-07 14:56:36 en 2025-04-07 15:06:36.
2025-04-07 15:07:45,Sensor 4.5A verloor 103g tussen 2025-04-07 14:57:45 en 2025-04-07 15:07:45.
2025-04-07 15:11:54,Sensor 4.6A verloor 30g tussen 2025-04-07 15:01:52 en 2025-04-07 15:11:54.
2025-04-07 15:37:43,Sensor 4.5A verloor 70g tussen 2025-04-07 15:27:43 en 2025-04-07 15:37:43.
2025-04-07 15:41:54,Sensor 4.6A verloor 33g tussen 2025-04-07 15:31:54 en 2025-04-07 15:41:54.
2025-04-07 15:45:49,Sensor 4.7E verloor 23g tussen 2025-04-07 15:35:48 en 2025-04-07 15:45:49.
2025-04-07 15:56:49,Sensor 4.5E verloor 26g tussen 2025-04-07 15:46:48 en 2025-04-07 15:56:49.
2025-04-07 16:07:43,Sensor 4.5A verloor 66g tussen 2025-04-07 15:57:43 en 2025-04-07 16:07:43.
2025-04-07 16:08:48,Sensor 4.8E verloor 21g tussen 2025-04-07 15:58:48 en 2025-04-07 16:08:48.
2025-04-07 16:11:52,Sensor 4.6A verloor 36g tussen 2025-04-07 16:01:52 en 2025-04-07 16:11:52.
2025-04-07 16:16:49,Sensor 4.5E verloor 88g tussen 2025-04-07 16:06:48 en 2025-04-07 16:16:49.
2025-04-07 16:17:43,Sensor 4.5A verloor 48g tussen 2025-04-07 16:07:43 en 2025-04-07 16:17:43.
2025-04-07 16:27:43,Sensor 4.5A verloor 66g tussen 2025-04-07 16:17:43 en 2025-04-07 16:27:43.
2025-04-07 16:36:30,Sensor 4.1C verloor 20g tussen 2025-04-07 16:26:32 en 2025-04-07 16:36:30.
2025-04-07 16:37:43,Sensor 4.5A verloor 65g tussen 2025-04-07 16:27:43 en 2025-04-07 16:37:43.
2025-04-07 16:46:32,Sensor 4.1C verloor 22g tussen 2025-04-07 16:36:30 en 2025-04-07 16:46:32.
2025-04-07 16:47:41,Sensor 4.5A verloor 32g tussen 2025-04-07 16:37:43 en 2025-04-07 16:47:41.
2025-04-07 17:06:48,Sensor 4.5E verloor 21g tussen 2025-04-07 16:56:51 en 2025-04-07 17:06:48.
2025-04-07 17:16:31,Sensor 4.1C verloor 28g tussen 2025-04-07 17:06:31 en 2025-04-07 17:16:31.
2025-04-07 17:25:46,Sensor 4.7E verloor 23g tussen 2025-04-07 17:15:47 en 2025-04-07 17:25:46.
2025-04-07 17:46:30,Sensor 4.1C verloor 20g tussen 2025-04-07 17:36:29 en 2025-04-07 17:46:30.
2025-04-07 18:16:47,Sensor 4.5E verloor 21g tussen 2025-04-07 18:06:46 en 2025-04-07 18:16:47.
2025-04-07 18:27:38,Sensor 4.5A verloor 27g tussen 2025-04-07 18:17:38 en 2025-04-07 18:27:38.
2025-04-07 18:46:26,Sensor 4.1C verloor 28g tussen 2025-04-07 18:36:27 en 2025-04-07 18:46:26.
2025-04-08 00:36:11,Sensor 4.1C verloor 28g tussen 2025-04-08 00:26:12 en 2025-04-08 00:36:11.
2025-04-08 02:16:08,Sensor 4.1C verloor 20g tussen 2025-04-08 02:06:11 en 2025-04-08 02:16:08.
2025-04-08 03:46:26,Sensor 4.5E verloor 72g tussen 2025-04-08 03:36:27 en 2025-04-08 03:46:26.
2025-04-08 04:01:22,Sensor 4.6A verloor 44g tussen 2025-04-08 03:51:23 en 2025-04-08 04:01:22.
2025-04-08 04:09:18,Sensor 4.6E verloor 69g tussen 2025-04-08 03:59:20 en 2025-04-08 04:09:18.
2025-04-08 04:51:21,Sensor 4.6A verloor 47g tussen 2025-04-08 04:41:22 en 2025-04-08 04:51:21.
2025-04-08 04:59:16,Sensor 4.6E verloor 99g tussen 2025-04-08 04:49:18 en 2025-04-08 04:59:16.
2025-04-08 05:26:22,Sensor 4.5E verloor 75g tussen 2025-04-08 05:16:24 en 2025-04-08 05:26:22.
2025-04-08 05:41:20,Sensor 4.6A verloor 49g tussen 2025-04-08 05:31:19 en 2025-04-08 05:41:20.
2025-04-08 05:49:14,Sensor 4.6E verloor 60g tussen 2025-04-08 05:39:16 en 2025-04-08 05:49:14.
2025-04-08 06:19:15,Sensor 4.6E verloor 28g tussen 2025-04-08 06:09:13 en 2025-04-08 06:19:15.
2025-04-08 09:27:08,Sensor 4.5A verloor 30g tussen 2025-04-08 09:17:09 en 2025-04-08 09:27:08.
2025-04-08 09:35:10,Sensor 4.7E verloor 33g tussen 2025-04-08 09:25:11 en 2025-04-08 09:35:10.
2025-04-08 10:15:08,Sensor 4.7E verloor 27g tussen 2025-04-08 10:05:09 en 2025-04-08 10:15:08.
2025-04-08 10:17:07,Sensor 4.5A verloor 40g tussen 2025-04-08 10:07:05 en 2025-04-08 10:17:07.
2025-04-08 10:25:10,Sensor 4.7E verloor 29g tussen 2025-04-08 10:15:08 en 2025-04-08 10:25:10.
2025-04-08 10:35:07,Sensor 4.7E verloor 32g tussen 2025-04-08 10:25:10 en 2025-04-08 10:35:07.
2025-04-08 10:45:07,Sensor 4.7E verloor 37g tussen 2025-04-08 10:35:07 en 2025-04-08 10:45:07.
2025-04-08 10:47:04,Sensor 4.5A verloor 47g tussen 2025-04-08 10:37:05 en 2025-04-08 10:47:04.
2025-04-08 10:55:07,Sensor 4.7E verloor 26g tussen 2025-04-08 10:45:07 en 2025-04-08 10:55:07.
2025-04-08 10:57:04,Sensor 4.5A verloor 29g tussen 2025-04-08 10:47:04 en 2025-04-08 10:57:04.
2025-04-08 11:15:05,Sensor 4.7E verloor 45g tussen 2025-04-08 11:05:06 en 2025-04-08 11:15:05.
2025-04-08 11:16:11,Sensor 4.5E verloor 21g tussen 2025-04-08 11:06:13 en 2025-04-08 11:16:11.
2025-04-08 11:17:02,Sensor 4.5A verloor 49g tussen 2025-04-08 11:07:05 en 2025-04-08 11:17:02.
2025-04-08 11:20:42,Sensor 5.5E verloor 20g tussen 2025-04-08 11:10:42 en 2025-04-08 11:20:42.
2025-04-08 11:25:07,Sensor 4.7E verloor 43g tussen 2025-04-08 11:15:05 en 2025-04-08 11:25:07.
2025-04-08 11:30:42,Sensor 5.5E verloor 23g tussen 2025-04-08 11:20:42 en 2025-04-08 11:30:42.
2025-04-08 11:37:03,Sensor 4.5A verloor 76g tussen 2025-04-08 11:27:02 en 2025-04-08 11:37:03.
2025-04-08 11:40:42,Sensor 5.5E verloor 23g tussen 2025-04-08 11:30:42 en 2025-04-08 11:40:42.
2025-04-08 11:47:02,Sensor 4.5A verloor 28g tussen 2025-04-08 11:37:03 en 2025-04-08 11:47:02.
2025-04-08 11:55:05,Sensor 4.7E verloor 62g tussen 2025-04-08 11:45:06 en 2025-04-08 11:55:05.
2025-04-08 11:55:48,Sensor 4.1C verloor 34g tussen 2025-04-08 11:45:48 en 2025-04-08 11:55:48.
2025-04-08 11:57:03,Sensor 4.5A verloor 32g tussen 2025-04-08 11:47:02 en 2025-04-08 11:57:03.
2025-04-08 12:05:02,Sensor 4.2A verloor 20g tussen 2025-04-08 11:55:04 en 2025-04-08 12:05:02.
2025-04-08 12:05:46,Sensor 4.1C verloor 48g tussen 2025-04-08 11:55:48 en 2025-04-08 12:05:46.
2025-04-08 12:17:02,Sensor 4.5A verloor 66g tussen 2025-04-08 12:07:01 en 2025-04-08 12:17:02.
2025-04-08 12:19:00,Sensor 4.6E verloor 53g tussen 2025-04-08 12:09:00 en 2025-04-08 12:19:00.
2025-04-08 12:21:23,Sensor 4.7A verloor 20g tussen 2025-04-08 12:11:24 en 2025-04-08 12:21:23.
2025-04-08 12:24:54,Sensor 4.4E verloor 21g tussen 2025-04-08 12:14:55 en 2025-04-08 12:24:54.
2025-04-08 12:25:05,Sensor 4.7E verloor 23g tussen 2025-04-08 12:15:04 en 2025-04-08 12:25:05.
2025-04-08 12:25:07,Sensor 5.2C verloor 31g tussen 2025-04-08 12:15:05 en 2025-04-08 12:25:07.
2025-04-08 12:29:01,Sensor 4.6E verloor 60g tussen 2025-04-08 12:19:00 en 2025-04-08 12:29:01.
2025-04-08 12:31:14,Sensor 5.5A verloor 24g tussen 2025-04-08 12:21:16 en 2025-04-08 12:31:14.
2025-04-08 12:35:03,Sensor 4.7E verloor 56g tussen 2025-04-08 12:25:05 en 2025-04-08 12:35:03.
2025-04-08 12:35:05,Sensor 5.2C verloor 21g tussen 2025-04-08 12:25:07 en 2025-04-08 12:35:05.
2025-04-08 12:37:02,Sensor 4.5A verloor 173g tussen 2025-04-08 12:27:02 en 2025-04-08 12:37:02.
2025-04-08 12:38:03,Sensor 4.8E verloor 27g tussen 2025-04-08 12:28:05 en 2025-04-08 12:38:03.
2025-04-08 12:39:00,Sensor 4.6E verloor 27g tussen 2025-04-08 12:29:01 en 2025-04-08 12:39:00.
2025-04-08 12:40:12,Sensor 4.8A verloor 30g tussen 2025-04-08 12:30:13 en 2025-04-08 12:40:12.
2025-04-08 12:40:39,Sensor 5.5E verloor 24g tussen 2025-04-08 12:30:40 en 2025-04-08 12:40:39.
2025-04-08 12:41:24,Sensor 4.7A verloor 25g tussen 2025-04-08 12:31:24 en 2025-04-08 12:41:24.
2025-04-08 12:45:00,Sensor 4.2A verloor 32g tussen 2025-04-08 12:35:02 en 2025-04-08 12:45:00.
2025-04-08 12:45:02,Sensor 4.7E verloor 33g tussen 2025-04-08 12:35:03 en 2025-04-08 12:45:02.
2025-04-08 12:46:07,Sensor 4.5E verloor 28g tussen 2025-04-08 12:36:08 en 2025-04-08 12:46:07.
2025-04-08 12:48:53,Sensor 4.4A verloor 47g tussen 2025-04-08 12:38:52 en 2025-04-08 12:48:53.
2025-04-08 12:55:02,Sensor 4.2A verloor 26g tussen 2025-04-08 12:45:00 en 2025-04-08 12:55:02.
2025-04-08 12:56:07,Sensor 4.5E verloor 27g tussen 2025-04-08 12:46:07 en 2025-04-08 12:56:07.
2025-04-08 12:57:00,Sensor 4.5A verloor 60g tussen 2025-04-08 12:47:01 en 2025-04-08 12:57:00.
2025-04-08 12:59:02,Sensor 4.6E verloor 47g tussen 2025-04-08 12:49:02 en 2025-04-08 12:59:02.
2025-04-08 13:00:40,Sensor 5.5E verloor 23g tussen 2025-04-08 12:50:40 en 2025-04-08 13:00:40.
2025-04-08 13:01:23,Sensor 4.7A verloor 21g tussen 2025-04-08 12:51:25 en 2025-04-08 13:01:23.
2025-04-08 13:04:54,Sensor 4.4E verloor 22g tussen 2025-04-08 12:54:54 en 2025-04-08 13:04:54.
2025-04-08 13:05:07,Sensor 4.7E verloor 22g tussen 2025-04-08 12:55:03 en 2025-04-08 13:05:07.
2025-04-08 13:06:08,Sensor 4.5E verloor 20g tussen 2025-04-08 12:56:07 en 2025-04-08 13:06:08.
2025-04-08 13:08:03,Sensor 4.8E verloor 31g tussen 2025-04-08 12:58:02 en 2025-04-08 13:08:03.
2025-04-08 13:09:00,Sensor 4.6E verloor 56g tussen 2025-04-08 12:59:02 en 2025-04-08 13:09:00.
2025-04-08 13:10:40,Sensor 5.5E verloor 29g tussen 2025-04-08 13:00:40 en 2025-04-08 13:10:40.
2025-04-08 13:14:53,Sensor 4.4E verloor 24g tussen 2025-04-08 13:04:54 en 2025-04-08 13:14:53.
2025-04-08 13:14:59,Sensor 4.2A verloor 20g tussen 2025-04-08 13:05:00 en 2025-04-08 13:14:59.
2025-04-08 13:15:05,Sensor 4.7E verloor 43g tussen 2025-04-08 13:05:07 en 2025-04-08 13:15:05.
2025-04-08 13:17:03,Sensor 4.5A verloor 49g tussen 2025-04-08 13:07:03 en 2025-04-08 13:17:03.
2025-04-08 13:18:02,Sensor 4.8E verloor 31g tussen 2025-04-08 13:08:03 en 2025-04-08 13:18:02.
2025-04-08 13:20:11,Sensor 4.8A verloor 20g tussen 2025-04-08 13:10:10 en 2025-04-08 13:20:11.
2025-04-08 13:20:40,Sensor 5.5E verloor 36g tussen 2025-04-08 13:10:40 en 2025-04-08 13:20:40.
